L_elbow,R_elbow,L_shoulder,R_shoulder,L_knee,R_knee,L_hip,R_hip,L_ankle,R_ankle,torso
141.5587197525975,149.99274967537212,67.36563339174714,89.81206929419638,78.83664467465047,78.83664467465047,56.67231357390754,56.279659646515285,,,31.084289130779606
144.78306581233326,152.20054880249486,69.82841214963801,94.54863385857098,68.15154139311439,68.15154139311439,56.28350900307063,49.99662008629581,,,32.110911640240964
145.32583259598326,152.4801538040692,69.75057693843576,93.32176659223185,67.60271932708903,67.60271932708903,56.274010085169245,50.062085482855615,,,32.64013447781922
142.11809044454088,151.65778750672294,66.55905153939665,94.29737580415703,66.85995536373952,66.85995536373952,54.07868318950013,46.577270440597616,,,33.28537425407711
141.72604036519868,151.44617004204957,65.85184990319199,94.24263782150041,68.24741295963437,68.24741295963437,53.67694697398288,48.615831842760294,,,33.63880433012875
141.99047076102343,150.76867824520556,67.71310174954701,94.60436863488034,71.32169283169888,71.32169283169888,52.57142255710091,49.51825559039087,,,34.043355543037485
140.3694484436496,150.70178665685964,68.6400185568761,94.62201475386011,72.28708819483148,72.28708819483148,52.57962563683626,50.35600725435267,,,34.662322475562746
137.7474630801784,150.8252383221486,69.1647033760799,94.51056321715907,74.82688553685298,74.82688553685298,52.24454372347613,50.99707458394711,,,35.284974385800915
135.57066182855985,148.276187864849,75.85559193008746,93.52698189045954,76.05021257515213,76.05021257515213,50.20983977334979,47.77785124589901,,,36.4492075629447
137.1758679987996,147.47172336249778,78.15299467249126,93.84862147404581,73.95969621754693,73.95969621754693,46.78720799424135,45.37487052955159,,,37.07641934572212
139.81670068633218,146.92629616185943,82.43814813566271,93.87045081981644,75.66888873034577,75.66888873034577,47.16872674220378,44.915961008591694,,,37.55920920870309
137.2272934222498,144.5007812988556,81.76773014070709,94.18122215462076,56.22898690814298,56.22898690814298,44.54923560483983,35.16953090363197,,,37.04064057098566
135.72982693597595,143.76396106093756,82.00815339691849,93.55488612959114,52.431045827858135,52.431045827858135,44.32759726525985,33.10428538409745,,,36.877056422085374
135.0679280690748,143.34864871823208,81.69855304296487,93.39977676171418,52.76847246315687,52.76847246315687,44.49585433875214,33.6471487068608,,,36.74677784128979
135.5462877775202,143.31902828724017,82.5031635144725,93.96580437154002,54.067455550613175,54.067455550613175,44.74831732488551,34.44991061143646,,,36.79455355888632
136.107987032961,140.46961489967518,86.65023350279387,94.73053314267585,54.73126601229473,54.73126601229473,44.41458989508577,35.58478206712473,,,36.45467406434759
140.50401511503185,140.25942369215548,89.50559415261021,94.96245296050765,53.18673633591841,53.18673633591841,44.59828459360042,35.64322472725716,,,36.10248681419294
140.14411793459772,140.6610103012045,88.29696821364594,95.45942580446803,52.50879780433644,52.50879780433644,45.89996220311316,35.647795626101015,,,35.996896870452225
140.25222935614002,141.03995614906947,87.39899081646352,95.76756062463546,51.52219267514375,51.52219267514375,47.61813648831452,35.38799821453719,,,35.8781954941947
140.37828856345658,139.26055120830267,87.08060816346392,95.81701520590697,60.75750980445104,60.75750980445104,64.0467182007111,48.57572021744602,,,36.213730854276626
141.23884971371618,139.29344110683752,89.1632825105975,96.06503144837797,59.22990674093355,59.22990674093355,62.905612425700596,45.634267276429554,,,36.52816072404172
141.31804514277286,139.39921856442916,88.83742352417195,96.09390674299948,59.8646683452131,59.8646683452131,63.39800717565768,45.56331192282686,,,36.76438041559941
141.588874865858,139.29103208820956,88.57497899695358,96.10602226605715,59.00061418389767,59.00061418389767,63.209435062135896,44.430800205617864,,,36.970593617869866
141.2176736965831,139.3226368481477,88.73161020277264,96.21242241599386,57.26387002383997,57.26387002383997,59.648414831944834,40.944107080288475,,,37.11344884644549
138.20005857955525,133.9785235642332,84.53429249537477,93.22093570307722,54.508771807213115,54.508771807213115,56.4438214184543,39.44156019907097,,,36.236270669140055
138.91855119914766,131.76894238656524,83.93839867216437,93.13287366880023,53.05585555617702,53.05585555617702,53.77378042170952,37.89188466156,,,35.07594216431856
137.4390873020408,131.52882662589752,83.28721628314618,92.74733508156754,53.039880746092216,53.039880746092216,49.82134203065104,36.18877119429426,,,35.08776328742369
132.23516945903273,135.0331263250219,78.56493884294453,90.72353329667816,54.268796634018976,54.268796634018976,42.54109273815525,34.093143400343884,,,34.32206518181671
132.95228138235163,130.40900322724673,79.32799584610645,92.16411577515993,52.609463959084046,52.609463959084046,42.602163543723954,32.85985014563156,,,34.170681372528534
145.82895804687087,126.87682638383411,88.38557812280628,89.47964072055719,48.844533868712034,48.844533868712034,46.16377289120157,33.11589589983726,,,34.55546328272288
144.86802701764108,128.35553352842138,89.45154114107551,88.15141652349376,56.12405193655302,56.12405193655302,47.33141258926106,35.33231924679854,,,34.62941706877137
141.61802061000768,131.8265695049256,90.98408067043374,91.7562540851038,57.67082898523064,57.67082898523064,42.6372327104232,34.209823041946976,,,34.82020845083547
139.83365904757065,132.8400982567814,90.45569690493656,92.98280067832236,57.613078494399424,57.613078494399424,38.97311825827187,31.812053529717954,,,35.46181150238591
139.84548445694722,131.1535631333859,89.67368867854347,89.5109866202984,53.587458014430226,53.587458014430226,39.58079926033537,33.48381900928456,,,35.17046457870427
138.28027928865768,130.32240359520824,86.68149122894071,85.55494180415198,59.26568074762959,59.26568074762959,40.73585018109696,37.97767304465253,,,35.051591984063194
140.40722254462753,128.69965961647404,86.35544936510117,81.08837513886047,57.910795345698595,57.910795345698595,45.88585392798339,38.38025458827048,,,34.55611089766657
138.62392229606237,127.95991622145897,85.20016150991954,78.40887916110549,59.58603667034095,59.58603667034095,46.923461078730575,40.11088061166698,,,34.18693144355254
140.06190398152702,128.78294807907895,87.50723401181551,81.170481308062,58.13553403733739,58.13553403733739,46.45701054065308,38.20401684214129,,,34.24331060176097
139.31513683165483,128.65208483650076,86.33002975439682,78.50770696812803,57.55357529098122,57.55357529098122,47.30751411842411,38.39412506087775,,,34.0702390291209
139.0682188238371,129.17695685752625,83.31869604274273,78.8215604055676,59.802310645786775,59.802310645786775,49.28375156926488,38.044668312544545,120.72554377906876,120.72554377906876,33.63972196025066
136.7189115878856,128.50814963140613,80.25649851675219,76.62271812645082,55.451427364840825,55.451427364840825,49.974972846227836,36.40930230984725,120.72554377906876,120.72554377906876,32.21327833644619
138.42878437978732,126.33785069122985,77.46942117175695,70.309709710262,51.80254181919468,51.80254181919468,53.16770431872657,38.0734091081723,120.72554377906876,120.72554377906876,31.352446823280083
136.07788801114435,123.40624362824478,76.9886197433339,73.02133706686878,51.36452835906767,51.36452835906767,48.78566909543057,37.198573312109986,125.75571967283108,125.75571967283108,31.408102333304758
143.78605840449578,135.06506740708437,80.22003679427617,59.20761199704238,55.4772258611974,55.4772258611974,52.27461887846605,37.61096115033184,108.63409656637167,108.63409656637167,29.861303696920903
143.01624966598894,137.73868394175022,80.81568730293705,52.38175975853423,59.14602983371317,59.14602983371317,49.65379123429401,39.520667003850264,110.55430009000436,110.55430009000436,29.614011723791283
142.21847303703785,131.11271904460747,80.72797131280448,60.54184101547139,60.17421127090739,60.17421127090739,49.192272849118595,37.6028942686735,122.28800398696069,122.28800398696069,30.274715648528986
136.4450739910603,119.92881932855461,76.29872270357237,62.11999645973269,53.97425378994613,53.97425378994613,49.49510058222307,36.58681788136303,125.81921858977816,125.81921858977816,30.628128907816382
135.66128329862997,121.55855411770911,74.91472010290461,59.57851946331016,52.56383095386347,52.56383095386347,50.97314745338256,38.143728199001,123.03350533269068,123.03350533269068,30.584966199938744
149.11909930133513,148.10054125509816,86.675021515509,52.104474307399165,49.85255752202427,49.85255752202427,54.29030529016777,40.98567873540787,117.94501325762657,117.94501325762657,27.467202204210675
139.77881167901546,98.44065985182844,75.93362300914782,32.95210889277986,50.9251258000379,50.9251258000379,61.20323389850425,52.789430943367535,120.50829168179246,120.50829168179246,24.215152165784563
138.69899654398785,118.98702490348528,71.50914315086183,34.11526271541515,84.81272599306813,49.4709168061196,65.50260773464937,58.84294470513088,119.43558739704807,119.43558739704807,22.23440554179808
126.34575318937667,108.88244115302223,64.17227058092813,26.321312301140438,92.63809174198678,48.70844677342389,73.31432350034558,70.49860463287524,104.19311854336149,104.19311854336149,19.747262448711787
124.56907517617664,106.48742300144451,59.81247979603683,21.624427255208424,96.8514725215386,55.273577696259935,78.37376983623749,83.83594395341022,104.19311854336149,104.19311854336149,18.96352537010863
124.02270527266477,116.2451893354774,60.74092993832546,30.65420451815951,100.25339836472592,65.09965208413145,79.30150655489037,99.26719676814302,104.19311854336149,104.19311854336149,16.72626871476449
124.7438317798928,123.17719551103394,62.31528006626806,37.14671816883247,102.27721221276997,58.73974037596951,76.41612438357036,81.3030088436656,104.19311854336149,104.19311854336149,16.21117038280836
116.95958189810175,131.22819756711849,58.81045947762881,38.895311840862824,89.23047480431421,53.701738771869834,77.44613201145502,93.79910156751824,104.19311854336149,104.19311854336149,14.314714685475824
106.57779465805724,134.71537387789897,53.42330205900642,40.36957718683069,83.41214229654517,51.29376910341943,76.164069050202,93.0029604118101,104.19311854336149,104.19311854336149,12.999865708149143
105.40012790183923,138.32979138974446,50.67803801537196,39.895020980587894,85.03967853846017,49.683676247208155,77.10386065371287,93.47156707922792,104.19311854336149,104.19311854336149,11.425326006379553
109.13718183173089,141.07136593472748,59.81920281639702,55.44486572959259,79.58370574033148,46.03035594978416,73.61055782773505,81.50171188299856,104.19311854336149,104.19311854336149,10.29787880086347
100.71176626716708,127.10946352953334,51.24178441805148,30.77761032314301,85.93569473860497,46.09037057513867,74.43878420268612,83.2778276757067,104.19311854336149,104.19311854336149,9.486562140560446
90.79092854252393,79.14837347432344,42.07621120400477,32.695637009813375,92.35293841192554,48.928713900330905,76.17754924397985,92.50375515865407,104.19311854336149,104.19311854336149,7.90342484611068
85.04735726492314,71.91681844990202,37.795768247427375,33.8468654614984,91.69948399408085,48.0076838421206,76.99199889791772,92.07338933277154,104.19311854336149,104.19311854336149,7.268345576986821
88.70876537530641,69.67128368403871,38.90191718536114,34.91271740001862,91.46106515454831,46.67926881980637,76.60288209834137,91.42861196724616,104.19311854336149,104.19311854336149,7.029528499069366
103.03311919927916,79.97272589895844,45.859768477105085,45.69036433898165,91.97622339788559,57.156303488217,84.98610032801945,94.65283215901336,104.19311854336149,104.19311854336149,4.455692040863653
104.68288800692756,86.41359920910104,55.241383578612286,51.880106840955264,93.07697771673159,58.528944149404296,89.32001236391712,87.23178069560825,104.19311854336149,104.19311854336149,3.373850288036277
108.5738341507884,86.12911539082624,47.562756744936394,45.72661635013357,94.2478418233863,68.31573567803937,95.33256782309664,92.13022819533488,104.19311854336149,104.19311854336149,2.897792102601476
115.69608581249635,84.10613058603504,59.86878494277006,48.681708624409644,90.19916698061941,59.17311381282832,86.41918111864722,87.76950633580772,104.19311854336149,104.19311854336149,3.160367234787564
107.08076119278896,83.94468219565655,55.4766349216508,42.19914306232171,91.27615355410715,64.58653958220886,84.69580621166759,88.61134248475824,104.19311854336149,104.19311854336149,4.289626473311387
102.59062952069095,78.96838500589935,48.49230828385882,45.326732158191284,92.96324389018737,68.78717445185355,86.11866472855333,90.21961765143556,104.19311854336149,104.19311854336149,4.977769366066394
104.4725512648667,75.86424140325244,47.71856786015248,49.55191254366238,91.69632132341526,67.13248459047436,88.65029865317351,90.71346066161334,104.19311854336149,104.19311854336149,5.199334398306798
105.72689480261066,75.20385198718633,49.13463248739903,51.00341794373729,91.11474515964926,65.01041390446592,88.75550661085327,90.51670830110342,104.19311854336149,104.19311854336149,5.204275019442515
100.04571085247171,72.38912931560394,53.35309849832484,48.903759739918314,65.9594441764275,65.9594441764275,87.07911578051583,86.85569983545273,104.19311854336149,104.19311854336149,5.4998681768113205
93.60734041611579,70.36648849451052,52.78794312403299,47.24933818452675,67.20590924653546,67.20590924653546,83.80714037216472,86.79075365606124,104.19311854336149,104.19311854336149,5.776234794812897
92.6175556250745,69.55265640644595,52.82867747476597,46.49595143368627,67.71890591282329,67.71890591282329,83.79123753483493,86.30001808046894,104.19311854336149,104.19311854336149,5.950568872773953
91.66012378532264,68.90218307367192,52.78657290398872,46.84855862143435,67.7163497925639,67.7163497925639,83.76081782345574,86.22297128790551,104.19311854336149,104.19311854336149,6.041635152966939
89.82855995837332,67.9286779314929,51.60005091261918,46.87682228110796,67.68210639243559,67.68210639243559,84.07173262180312,86.1686269265424,104.19311854336149,104.19311854336149,6.061351914526173
88.18543824737381,67.59544003286167,50.20245699486946,46.74751043367716,67.80236909394901,67.80236909394901,85.29102807630323,86.17639706868592,104.19311854336149,104.19311854336149,6.168812544015413
49.827937495307985,84.69188227479836,39.34676903268049,55.18964885888283,69.83477886997139,69.83477886997139,100.64161101077973,82.25311733597162,104.19311854336149,104.19311854336149,8.925311334066812
48.28684816522509,85.92437369073613,38.42868095625691,57.39381971482692,73.52527753152074,73.52527753152074,122.01244505749258,80.4879267991831,104.19311854336149,104.19311854336149,10.585821713647702
49.37960446178102,83.38508113419041,39.935879782680715,49.73560293065395,75.06081006485508,75.06081006485508,114.94481784275365,82.98560637795887,104.19311854336149,104.19311854336149,8.662652582469125
67.17272494330626,66.02364331702937,46.37882261162012,44.270467239158776,76.92360437347942,76.92360437347942,110.62751197943506,87.698376471418,104.19311854336149,104.19311854336149,8.339778356558938
65.76183453749802,62.28876597890154,45.596251063360874,43.92461088359566,79.65120295699252,79.65120295699252,108.19484510333908,89.90691638762453,104.19311854336149,104.19311854336149,9.740187143979256
51.344807251411716,60.6645847190295,40.76407233330073,43.185355505934496,78.53687027535643,78.53687027535643,94.49818794209405,88.90339641656061,104.19311854336149,104.19311854336149,10.212643470245553
61.62567599683226,58.40666676198868,44.64114164718718,44.785632388307235,78.42268176866988,78.42268176866988,95.33623619547566,87.35118998688468,104.19311854336149,104.19311854336149,10.36859004606927
82.56512057069483,55.666950272959575,55.91917198445979,54.215851247126324,82.01277441777967,82.01277441777967,96.80493184242619,87.20318995159302,104.19311854336149,104.19311854336149,11.908504063762214
87.10006859718735,59.48651366519897,62.350812827319984,62.03450044158622,78.03991004588133,78.03991004588133,93.46462602419226,87.23269987929685,104.19311854336149,104.19311854336149,12.024633171430546
79.96936666672892,56.133914007247235,57.585657669177394,60.952340974057066,80.85078774070757,80.85078774070757,96.22303665391594,86.50799978306924,104.19311854336149,104.19311854336149,13.015057814059952
79.3773606488739,55.4592850267688,56.29663014441274,60.23053970738377,73.63683774264764,73.63683774264764,88.51242339232353,84.68186961911792,104.19311854336149,104.19311854336149,15.551299865417285
81.47980788757499,56.88499675844094,61.33853584731459,63.050771999258785,78.25910696129067,78.25910696129067,88.27893117837307,86.87620534061455,104.19311854336149,104.19311854336149,16.42139690302024
96.78117021799204,77.35202004317456,75.85915614180817,77.17500231947393,63.114604497491506,63.114604497491506,76.10493072032011,78.14577051229399,104.19311854336149,104.19311854336149,16.8499643608512
94.24925238524824,79.99556789107591,71.1953689446071,77.64247575745405,69.3288433924457,69.3288433924457,81.76297650489684,79.85585051876963,104.19311854336149,104.19311854336149,14.649230036034343
93.81236784235003,65.15574575773948,67.37176302328609,76.22705960312155,70.03207908150522,70.03207908150522,85.73874219090551,83.16836467412239,104.19311854336149,104.19311854336149,15.026347069428883
94.57455146045133,65.25542386353676,68.64720385209773,72.56952009695914,65.65947215665967,65.65947215665967,84.53308525876093,83.22522911758813,104.19311854336149,104.19311854336149,14.287396430209848
96.39463299166542,67.96999445740437,65.35374858101424,58.568467822792364,65.65947215665967,65.65947215665967,89.39305743899934,87.62784747886174,104.19311854336149,104.19311854336149,10.824263794882901
95.8249068112885,61.69044005352497,63.07036778259853,59.433682860667446,65.65947215665967,65.65947215665967,93.07420868575159,87.29057702186614,104.19311854336149,104.19311854336149,11.236908464256967
95.67488535499513,58.07247005331088,62.41887136455449,57.66753579540512,65.65947215665967,65.65947215665967,98.60303000227448,88.71790378897848,104.19311854336149,104.19311854336149,11.33307274178287
105.00933127332712,81.03361244127152,76.88205205423431,68.63784034980611,65.65947215665967,65.65947215665967,83.9981636997578,83.91875572079752,104.19311854336149,104.19311854336149,12.254187841374408
97.89894709267654,76.22623962837896,71.56654236370358,70.17225419477286,65.65947215665967,65.65947215665967,84.86459931643091,80.93654680919288,104.19311854336149,104.19311854336149,11.926681647191181
99.62156046989148,78.59644314211637,73.54809550339542,73.71525988753946,65.65947215665967,65.65947215665967,79.9900502146333,76.24413028244192,104.19311854336149,104.19311854336149,10.930857242509918
102.78915781217287,89.72464821911511,76.9727600304599,77.03625439353023,65.65947215665967,65.65947215665967,79.10254747579464,79.46270324906887,104.19311854336149,104.19311854336149,9.477466634931874
105.21234543468913,91.55207321923126,78.73424117061715,78.42265508395226,65.65947215665967,65.65947215665967,81.47811673823608,80.25655089780508,104.19311854336149,104.19311854336149,9.67788203461486
102.91742004475377,89.13390805511291,76.4149764132687,68.71894659457122,65.65947215665967,65.65947215665967,78.6629967218735,89.52390523355837,104.19311854336149,104.19311854336149,10.785764430127191
102.49465466781535,81.26521882620776,77.19256064527607,67.90094475348562,65.65947215665967,65.65947215665967,78.36726088123454,89.31461049352832,104.19311854336149,104.19311854336149,12.674028697873418
94.89601066910261,81.99631117016597,71.36561226906053,71.08337272374239,65.65947215665967,65.65947215665967,82.792044783577,84.6205605799292,104.19311854336149,104.19311854336149,11.996129909891447
100.0009266347431,87.09705539275278,73.16160033813502,71.87695162754657,65.65947215665967,65.65947215665967,82.61331218886235,90.32323152206588,104.19311854336149,104.19311854336149,12.827646391572992
99.9067961445951,83.76675593948265,72.34368046964674,71.05046342218007,65.65947215665967,65.65947215665967,81.87515497167855,86.45395472957195,104.19311854336149,104.19311854336149,13.4014785993048
92.38063353825747,73.08316974789288,66.75597017594819,66.2582590529971,65.65947215665967,65.65947215665967,83.48159178956219,86.89647263674085,104.19311854336149,104.19311854336149,15.225184503502724
98.2544606202574,77.72757454740689,76.98309267116224,67.58075168102337,65.65947215665967,65.65947215665967,79.18546134851434,83.72873711336975,104.19311854336149,104.19311854336149,17.640812043994206
83.08960842506009,68.83368578713468,64.74955354789965,61.698822442346625,64.99064781515982,64.99064781515982,78.51394087262523,82.89356798759786,104.19311854336149,104.19311854336149,15.7801980533951
76.48813645759502,62.63422741506012,58.36766941436946,58.43326572919645,62.57360507187433,62.57360507187433,79.25569614114023,83.12147527546578,104.19311854336149,104.19311854336149,14.65782799520006
79.53209879812472,64.34726486280414,58.4047115111726,57.576743144046944,61.382588798555,61.382588798555,79.18340018921059,84.23539413418537,104.19311854336149,104.19311854336149,14.158592018569331
83.44463541185688,61.2538029293623,61.127042583307215,57.389577351977366,57.4058137736998,57.4058137736998,77.37506443222293,81.68945534806178,104.19311854336149,104.19311854336149,13.945691288942724
79.43129403893404,73.68761182956986,49.55361993414382,50.11459056613182,49.05997090509425,49.05997090509425,81.83018761962987,90.08377055209547,104.19311854336149,104.19311854336149,16.248053896053943
81.65203176803749,76.2637763107851,52.879570188699454,49.11206239650656,47.302551776886595,47.302551776886595,80.08723519044518,90.34773823661003,104.19311854336149,104.19311854336149,16.55706591311241
86.22609327643679,68.06415220288021,54.86976688241855,45.76708440030093,50.08962514827335,50.08962514827335,80.10499202662109,90.29849194553401,104.19311854336149,104.19311854336149,16.523618344237505
89.40856091551852,71.85987616208602,55.83020261439376,44.59259950693015,48.6864365748029,48.6864365748029,80.7663661963267,90.1291656953761,104.19311854336149,104.19311854336149,16.074233534935644
87.76818023477772,73.24278828886915,53.17096602266345,44.03100449867154,48.65674978436359,48.65674978436359,83.36647244186543,91.35452504445551,104.19311854336149,104.19311854336149,16.11016679644142
93.06504300616969,80.70309485320921,60.90323193673892,44.294315280297916,62.21267122434579,62.21267122434579,85.45914019676385,100.31714015565768,104.19311854336149,104.19311854336149,16.590966863286322
101.82638680913327,85.67066800336987,61.72269867304762,45.26441807105538,54.62895310442155,54.62895310442155,83.32289730352828,92.16909391835321,104.19311854336149,104.19311854336149,16.80036034299698
104.53901558367409,81.2242057136899,57.17756817466347,37.3365566908103,43.38624763042462,43.38624763042462,83.1079791796094,89.97804962867748,104.19311854336149,104.19311854336149,17.850754652202863
103.10176099296199,84.08641100212027,55.93902380180162,33.36603209202892,37.09522355437665,37.09522355437665,81.65493602843321,98.2745979597959,104.19311854336149,104.19311854336149,17.707892590157858
104.31573844646189,79.13295287652917,57.68268811306888,36.19972262423697,37.09522355437665,37.09522355437665,81.8552935482151,94.10953058658747,104.19311854336149,104.19311854336149,17.532458478508897
105.21321679599066,78.67745664787451,58.72122760285301,37.348963263445704,37.09522355437665,37.09522355437665,82.32971697365697,93.11120729814797,104.19311854336149,104.19311854336149,17.60898759236798
103.49721036255832,79.73180648493158,57.70044590233486,32.73087888820324,37.09522355437665,37.09522355437665,82.40859547892089,97.1634072099267,104.19311854336149,104.19311854336149,17.546937747068604
102.43306411075886,77.74260715950847,58.37975177196698,37.683468108161314,37.09522355437665,37.09522355437665,82.28863267604117,96.56522539887072,104.19311854336149,104.19311854336149,15.066685937249222
102.54805168305025,87.13968685890099,70.88183034572457,47.34102214125549,37.09522355437665,37.09522355437665,75.86640855055026,91.05255904340781,104.19311854336149,104.19311854336149,15.689071736332833
101.77268077494749,79.08131641676829,68.46118670985902,48.28502185055723,37.09522355437665,37.09522355437665,73.5760186948036,83.5754952979017,104.19311854336149,104.19311854336149,15.157525771161037
98.54370577496155,76.96852569995885,68.46478776695301,55.63536036930891,37.09522355437665,37.09522355437665,72.59382991207116,77.1888091706281,104.19311854336149,104.19311854336149,15.175349819255885
99.79143696029742,82.57465134295968,72.4785652337557,65.41780775151487,37.09522355437665,37.09522355437665,70.51105658931382,70.52886331364293,104.19311854336149,104.19311854336149,14.064084828340205
99.05011718584318,67.6989212809595,72.99748227224293,64.99745394969752,51.480625980384666,51.480625980384666,72.12402321333178,77.31695015296934,104.19311854336149,104.19311854336149,11.248325937333263
80.89780596228357,70.74323737325385,60.7696950716035,62.06301273647204,61.98322985272488,61.98322985272488,75.13554648696596,89.04487413300437,104.19311854336149,104.19311854336149,11.502167236162986
97.58517798767666,86.6438553227117,68.36715246668612,64.0133970157891,50.24457658994603,50.24457658994603,78.41661569506272,77.5251765440335,104.19311854336149,104.19311854336149,12.673604769055288
98.91233845942696,80.24498476275852,68.5725131040833,49.8895825013936,49.65395585940238,49.65395585940238,75.46364380732052,87.00464355649814,104.19311854336149,104.19311854336149,13.323839516682577
88.64276307415793,69.06403531210486,62.93444933653813,48.36182604649658,56.70052206202075,56.70052206202075,77.29888412526215,89.5419164821518,104.19311854336149,104.19311854336149,11.43812637401856
88.58937608913487,62.95801861843562,58.40642161699644,44.31116239964014,57.65190975083771,57.65190975083771,80.29096158618458,94.51798015133751,104.19311854336149,104.19311854336149,10.493056112502378
91.61833422087598,57.8057604427213,55.69610782689027,40.69438604190486,58.17982417765541,58.17982417765541,82.16166187248423,91.3105745713329,104.19311854336149,104.19311854336149,10.093802263293243
99.51396936554293,86.542803114934,72.81342345041116,68.02804706020287,55.30222394463182,55.30222394463182,72.7692991723339,76.48523760372788,104.19311854336149,104.19311854336149,8.902157183115387
97.19925908284692,77.20032119960251,69.39734507430832,60.49504231983802,63.83302927318505,63.83302927318505,74.14103921185162,84.11121869094542,104.19311854336149,104.19311854336149,8.47767738469466
100.7418211411283,76.81171932924627,69.12395645956288,59.27314374015941,59.97330393362812,59.97330393362812,74.23624656898183,87.40207011208311,104.19311854336149,104.19311854336149,6.998168057930799
98.84598868760126,82.43907499569026,69.22697874733619,59.0804184869512,57.205342307800734,57.205342307800734,72.64356155560534,86.46931985378184,104.19311854336149,104.19311854336149,8.129244672885772
99.97643901330791,88.73091912145115,69.26435947577153,58.867438742698,51.79919721904187,51.79919721904187,72.29150112807604,84.35843574779199,104.19311854336149,104.19311854336149,7.7725903643395835
102.1149225040803,89.61193389315751,71.55130773477212,63.048094506032186,49.524064767784786,49.524064767784786,71.02702222793553,81.36366541687961,104.19311854336149,104.19311854336149,7.65716392550577
102.72863028198775,92.01444068161877,73.67960158257803,65.76182655078775,77.42447464695024,48.462911232496054,69.55311001122273,80.09378893345925,104.19311854336149,104.19311854336149,7.628844147846865
101.12003319234299,88.38523711000188,71.97196475875573,63.621915925071484,77.42912606011333,47.03943502683612,70.26045066295148,80.70982578283812,104.19311854336149,104.19311854336149,7.526766316332294
100.9936002239283,89.10793309592857,70.90262183291831,60.73958067073199,78.33572290333763,45.420776370023084,71.29861209482351,83.02527321973172,104.19311854336149,104.19311854336149,7.442000099334039
102.70268664387956,92.12582678036756,71.11642670387914,62.402538713981905,77.83960508527785,40.13429930638118,70.67010554517252,76.61319591578757,104.19311854336149,104.19311854336149,8.005084172812888
99.58156316035492,92.19212274074812,76.47954428291845,67.03132689641218,78.36925170212562,38.91476873359679,66.24162450381105,75.51835833803925,104.19311854336149,104.19311854336149,7.92618109819869
98.66850145826703,89.1290939280578,75.09800933605958,66.30157340685724,78.57149026531687,43.86659278077109,67.17082930808307,79.965191564274,104.19311854336149,104.19311854336149,7.737702107590319
98.9371798236066,90.05690875332172,73.76531317389365,66.77555039481928,80.31081627397757,45.76485284257685,69.90574719717068,81.0215279310861,104.19311854336149,104.19311854336149,7.887642611333208
98.96519936659675,89.26391170674752,72.27031469573082,66.22161217077732,80.21221582167975,46.730772201252634,70.75785252845344,82.12478010966362,104.19311854336149,104.19311854336149,7.743953256380975
101.13725596840662,91.73977031676986,73.60912489130918,67.75554305921608,79.0332850869682,47.1352675777927,70.46170777505124,82.21090257550549,104.19311854336149,104.19311854336149,7.665707708907129
102.6777050897539,92.83032702092538,74.47559807913856,67.69885431649455,78.67990482545811,47.192939501596456,70.45020353439055,82.59581775226555,104.19311854336149,104.19311854336149,7.607173208963952
103.52727818591335,91.93362887367405,75.77210983773875,66.5682341860243,78.94403208694939,45.024632522150306,69.85254224940995,81.88521394677846,104.19311854336149,104.19311854336149,7.7173090124386405
102.86220219870495,92.0257505298981,75.50315775865383,65.3947694240855,78.93547350289155,45.25936084816322,69.52014341668553,82.88634076364123,104.19311854336149,104.19311854336149,8.179284785461068
102.78478514742731,91.90974956148953,75.46995008018351,64.60882475692955,77.42258335972662,44.8133592335915,68.64461322898379,82.78950420018623,104.19311854336149,104.19311854336149,8.002057484667747
102.54762454412959,87.00218668725348,75.02555588024032,60.295554388864225,78.80639729674284,43.374185494221074,68.80418650606063,83.63887077210238,104.19311854336149,104.19311854336149,7.75489487576118
103.63676156313866,88.72212098284507,74.81993919488977,60.51631339922778,78.61731408243423,42.76934627542661,69.70391883735107,82.57927117036364,104.19311854336149,104.19311854336149,7.690414047718513
105.3991547777438,90.90308550972424,73.16721877390393,60.602325579136085,78.54724623426421,42.33167616246817,71.3458830877821,80.63735570422949,104.19311854336149,104.19311854336149,7.683909375465584
109.9756842578138,93.40223598192276,72.82742324988523,62.482213591068074,78.79620992235125,39.00664921630194,72.74065936914889,71.70907293205386,104.19311854336149,104.19311854336149,10.131712798228234
111.01483892124034,96.55329227020228,72.92489618043777,62.70886915434893,78.44881064685899,36.844222938646986,72.48959720023953,71.36425495249443,104.19311854336149,104.19311854336149,11.106981545325018
109.80027851210149,91.47346804358446,66.1303295333211,55.36434046949549,77.9584739408595,36.94744121479518,77.6230286815536,77.56405213272589,104.19311854336149,104.19311854336149,11.586089150634905
109.12002495754356,95.70377052039211,67.63947682309046,58.37843783714654,77.91877473582308,39.2357411174467,76.17342334619244,77.76075002990716,104.19311854336149,104.19311854336149,11.849658243863534
105.93498721567248,94.36112105818687,65.99646412852636,58.79877802786495,80.58574359877956,47.72213289851918,77.75711214483972,83.61512617328032,104.19311854336149,104.19311854336149,11.06335035905206
104.74220284224262,92.55839270995091,66.28202524871749,61.418093116028516,82.25048491198291,47.437024432677774,83.54128679933328,83.19546190214272,104.19311854336149,104.19311854336149,10.805128069365153
105.52235929947587,93.2294197210688,67.0751600278474,65.22459910345427,80.85412037032368,47.113281636864244,82.84871341389805,79.64045612195575,104.19311854336149,104.19311854336149,11.048548515883464
109.68835311786445,99.09070332740272,76.45995213617441,76.06479629368398,78.83901417174421,36.904612744516626,73.79128767773986,63.65892547867389,104.19311854336149,104.19311854336149,10.595107556804617
111.108102280478,92.67745624700329,82.12473533717515,79.82474333945899,76.81095903975938,38.39624372180326,68.75891674014147,63.08625986798009,104.19311854336149,104.19311854336149,12.860500994061836
106.33578226484575,93.56015114664865,76.90183580214921,67.15193898463255,76.03383034747728,40.97678706661665,69.07822940153757,73.87227159922026,104.19311854336149,104.19311854336149,10.283284646160242
104.69563916516992,89.80923228327326,76.91783976756928,70.72943774400977,75.94257804418713,48.62700312551443,68.06238557993377,77.61055759018792,104.19311854336149,104.19311854336149,8.731377596432893
104.92024458141952,90.05865897379091,76.72185036698782,71.53725952018804,76.10771340298895,49.55479591765281,68.70647428794791,78.6314695975617,104.19311854336149,104.19311854336149,7.989140238528696
104.796079184417,90.34291516734075,77.05341343676989,73.259032915653,76.84175203443024,55.4014211813035,70.93653931286973,80.30425508956543,104.19311854336149,104.19311854336149,7.611642999365973
104.89542188056603,89.74520320766284,76.92496080381889,72.21496569964863,77.60565555730338,54.249260964444325,71.51595154703277,78.93861393609811,104.19311854336149,104.19311854336149,7.494466485537726
105.1772398407924,85.61625019150542,74.43935657276364,69.67564878979817,78.45363815124551,52.39916724259512,71.82493041617519,78.20972009767681,104.19311854336149,104.19311854336149,7.771816528628129
103.7969349344471,88.85682622746802,76.77257875199656,72.53504922309472,75.07740246867655,47.26478076599771,67.65362932140141,74.57014822258661,104.19311854336149,104.19311854336149,7.900035275333952
104.32050292658595,92.99357813642041,80.96147884286889,74.37035878981317,73.82307950732324,47.87384488764273,63.55888895671465,76.07625349231031,104.19311854336149,104.19311854336149,7.93286079113092
104.58787446754,91.66439971268215,76.9522685584322,73.29410864820247,76.3801166787286,45.549734581120966,66.06481433536557,65.94031548373061,104.19311854336149,104.19311854336149,8.40073530798271
100.9961522084678,85.67370166099877,70.0593226789201,67.15989723449363,75.78510250705175,44.11771704526627,69.07604919407926,70.86418732602905,104.19311854336149,104.19311854336149,8.868382710399015
102.02131236343514,87.02835212728736,71.14892910219727,67.67389673199193,76.33890209789818,45.14827210651732,68.53972675864783,70.740377506316,104.19311854336149,104.19311854336149,9.25681066082753
102.22773242194089,87.36151523321516,71.7435034392366,67.90890712544977,76.94773237983983,45.854091334813944,68.62593632077242,71.22577042436316,104.19311854336149,104.19311854336149,9.138676490415179
102.45747343555801,87.79221224083366,72.10170051860406,67.90713573729671,77.55690960486635,46.0376121864031,68.6920324813801,70.6704367715152,104.19311854336149,104.19311854336149,9.079449355607494
101.57138134178122,89.59730037161629,78.05117449572893,71.25253012343933,78.2100804009612,48.15795934800658,63.566098495988896,75.5497668903678,104.19311854336149,104.19311854336149,8.792349915194698
100.90395658884377,87.99982595420185,76.66169584489691,72.22974790308295,78.51310519562234,51.98833422386181,64.35560344269499,77.38965121345743,104.19311854336149,104.19311854336149,8.964212461744555
93.37748529401497,83.4448922830327,71.49998587684452,70.22449155914217,78.76887324531374,56.74763313007921,64.98574579292558,80.23951072944782,104.19311854336149,104.19311854336149,8.935740602168531
94.5436387982294,84.55208271085372,72.03197209008435,70.3382772313238,82.11913681627856,63.18432577523743,68.05628968268842,82.57683338837164,104.19311854336149,104.19311854336149,8.389396093627546
95.02975465934927,84.2683283665801,72.1969547716136,70.33734102099407,83.43982047659927,62.961649113699785,69.65858583902519,81.01625772740088,104.19311854336149,104.19311854336149,8.084293821907483
95.47324078957979,84.15971948928981,71.93800913534993,69.34546605116067,83.90433471939548,64.71358207699562,70.75257867161139,84.28876190849866,104.19311854336149,104.19311854336149,8.150350344406407
95.81263191063427,84.26057261898274,72.10211985834685,69.04562762950486,83.94916393602561,65.81810068045799,71.18666883960039,85.04082664271962,104.19311854336149,104.19311854336149,8.178926812356927
97.26319919470916,85.68004406705707,73.53253421885469,69.42970559900459,83.86503780032109,66.28075595206077,71.12195520523049,84.72821186217014,104.19311854336149,104.19311854336149,8.198780717778066
96.44425386642604,84.87285891658722,73.29216497439772,69.41682564128534,81.23682112252479,65.3804195977818,69.13274154101815,84.38158858590641,104.19311854336149,104.19311854336149,7.741669490238958
99.78814285026279,89.44336854085614,78.14248656200299,72.34162479314418,79.67135873561836,63.26599035729384,66.36613658510561,82.0446264267806,104.19311854336149,104.19311854336149,8.039516870833163
99.814321736663,89.91854416210977,79.68877649824908,74.55366925348638,79.3817450247103,59.70371352451844,64.9053858852345,77.56915123758354,104.19311854336149,104.19311854336149,8.279578190706049
98.78743168444291,88.5748028231229,79.13424116011345,74.55185640469884,80.34964890038631,60.26513433514104,65.74151013520819,77.83187214453368,104.19311854336149,104.19311854336149,8.272203159185073
94.16523366892193,82.54061970662583,71.40644028276577,67.23780611828688,80.06426035221781,60.75060554369375,68.55976104098185,82.48435096086445,104.19311854336149,104.19311854336149,8.386645676390366
98.04257034594677,88.81444364966525,75.88823608297939,70.8461149001096,79.05074480724149,60.0640800105329,65.94232642296609,81.14718192999486,104.19311854336149,104.19311854336149,8.388073699635354
100.89138786517564,92.17999485858643,79.46474229780291,73.85561592210091,78.39811753601462,59.9883113056715,63.800674778749546,79.53196159066671,104.19311854336149,104.19311854336149,8.402036375498584
101.89489902488643,92.98461160886295,80.99334612060885,74.62143471507791,78.1766399759597,59.66477088046833,62.8408520495953,78.50041930038077,104.19311854336149,104.19311854336149,8.421497249418616
101.82729014894866,92.49688458675105,81.36054711621324,74.45433251184924,78.1419988994048,59.682783893880405,62.297021234630165,78.39877959311477,104.19311854336149,104.19311854336149,8.424535452521438
101.96185558385682,91.3303496799289,79.31203683794504,75.89525478409554,79.65374047151697,60.49640663485051,66.01528212039663,77.627773257553,104.19311854336149,104.19311854336149,9.304268270871317
102.36712411445923,89.40834784020417,79.01116112270091,76.60014674061314,80.56484621445725,61.46990140131713,67.71147545054222,76.9680494510382,104.19311854336149,104.19311854336149,9.880456536636622
102.62579531779674,86.02412581146345,76.00517304914158,72.2449611792253,81.44352728932303,61.63585135912631,71.19523445890324,80.52332628464322,104.19311854336149,104.19311854336149,10.106865865833912
100.78831062894321,84.73036970287255,75.05148640920315,71.83168045770702,81.46935436357568,59.449494849847774,69.23097809446321,75.16108876830552,104.19311854336149,104.19311854336149,10.480506213728319
106.12912580673941,92.97830260044219,82.29765963884319,83.43298376843651,79.49046118012039,57.51632911817226,64.96008432479023,66.48269895236356,104.19311854336149,104.19311854336149,11.224843169767436
102.55123882080812,89.53138875270469,81.47006333952855,85.41381812400772,76.14339428881148,57.17475845545511,64.17640758575644,64.03463948494544,104.19311854336149,104.19311854336149,10.374516587089262
101.47204486772698,89.21256565473662,79.67869085612361,82.15257323041736,77.44564966836961,54.493021076320396,64.6288465238407,63.7469258329192,104.19311854336149,104.19311854336149,10.65899098106205
97.01389925836646,82.97357916955845,74.88279505414158,78.19898570027604,77.11651893522583,56.4058827136145,65.95546881926533,67.54250394826902,104.19311854336149,104.19311854336149,8.732480615756034
100.29478289733389,85.62891280608773,74.58003993279732,76.900281944699,75.37693527205117,51.512836756770334,66.82902741649644,67.6411230587361,104.19311854336149,104.19311854336149,9.198814560932414
101.12131761476141,85.82085358634991,75.56488560184994,75.02014812262249,74.97555659174289,52.17235217846441,66.02403295543468,70.01474714372108,104.19311854336149,104.19311854336149,7.698982368144238
105.26480201459624,88.51840094694089,81.36909932231899,76.8277055836759,73.60659243571314,51.201304057108715,62.27234861649464,68.37309950848005,104.19311854336149,104.19311854336149,8.201963112267817
104.6425825204145,90.42735857128758,84.64623720704846,81.67609167224947,72.94050471702352,47.120663204758586,59.504830767808954,62.16930769401892,104.19311854336149,104.19311854336149,11.982092021883432
99.65283257815781,86.55927742526065,78.68025780572567,69.53872799107799,74.07697767096931,43.08939315690899,60.23766102232486,67.6926698572296,104.19311854336149,104.19311854336149,12.003590965764234
97.83861153717791,84.13707847450915,76.60954639749632,66.92835777704796,74.10748079030907,41.89792388909972,60.76073873943022,68.52238929413667,104.19311854336149,104.19311854336149,12.025764350832581
98.17929177392486,82.73432451437553,76.55246785684811,67.28556618886071,73.35189688622992,41.27369334719398,60.780431677300456,68.47402821809945,104.19311854336149,104.19311854336149,12.302052480137888
98.6992107423132,79.81213240371616,76.68459782468118,66.73551598116991,73.54781946610653,39.55665333110641,61.26607577097669,68.02499153488606,104.19311854336149,104.19311854336149,12.114372714335712
101.81476235750033,79.56635591224138,80.59559530007567,70.64726484060749,72.97983603964096,42.41481016643996,59.696093289559926,66.39852421419457,104.19311854336149,104.19311854336149,12.391834859099138
101.691416858723,83.84720235366146,81.4308474100464,74.31639617812944,74.22757903291253,43.88443248538217,60.06727923286814,67.28116265825084,104.19311854336149,104.19311854336149,13.271138686881974
102.22562863942991,91.00764613360028,83.37117579310127,79.20154378627659,73.76615647265885,44.518490339743515,59.763057953020834,66.4264661794704,104.19311854336149,104.19311854336149,13.15761425132071
96.8822829603603,90.75607618023025,79.00544601220042,78.59283074688074,75.91813455611873,50.67919525932711,62.46447088273069,70.48372406613244,104.19311854336149,104.19311854336149,11.729034938479735
104.24122617844267,91.01206989943066,82.57517611800526,79.12527494103969,75.1060834604476,47.632364704887244,62.44638883573004,68.01819795099651,104.19311854336149,104.19311854336149,11.114932964713129
103.73230237436076,89.50791773299953,82.09762533275673,78.142361760023,75.68605830632944,46.82452014167867,62.83280295730059,67.29500548075053,104.19311854336149,104.19311854336149,10.750469550161977
104.46938908068505,89.66619384837286,81.87560875964319,77.65400531256189,76.3924521417704,47.24332683109493,63.37802123243742,67.33648224350779,104.19311854336149,104.19311854336149,10.578228036995137
106.52206453127863,95.35256016757579,83.61927164964506,83.87945329739865,73.9387795278568,44.94042327170538,63.13942872211109,63.48380120360878,104.19311854336149,104.19311854336149,10.216511765826331
108.4419850218747,95.59113604976135,84.69086870631503,84.35001378785256,73.92610873900571,45.76240505413326,63.60861428150774,63.558963396981355,104.19311854336149,104.19311854336149,10.185195048298558
107.34682303414326,93.50178958820823,84.03261046607714,82.37643653955924,74.0058213099706,46.343671100538664,63.480419799265704,64.91094028734533,104.19311854336149,104.19311854336149,9.843806885926229
107.04788057602372,92.72030117084631,83.17979850459511,81.8382259274902,75.05759407412289,48.743254032333155,64.2524833355153,66.54588211418849,104.19311854336149,104.19311854336149,9.625636055438024
98.50302754860702,89.0436598636804,74.64209036745874,76.94892380220521,76.93221154174117,49.71091728804209,66.67793860707381,70.78160638299882,104.19311854336149,104.19311854336149,7.889164125838738
101.28179706293923,86.17412612128395,76.797667645475,74.87119993724953,77.46204291350224,50.300545220643556,66.2802704023802,71.30233273783175,104.19311854336149,104.19311854336149,7.197308896403855
101.95226162544058,85.4737817593857,75.00595265807202,73.2169322714117,76.87212918811086,51.38706972732847,67.51253939120568,74.09088033308352,104.19311854336149,104.19311854336149,6.9617442651982815
100.87968126751426,82.89532116371473,71.05368713242655,69.53055357847965,77.2920347694924,52.365025267430504,70.40989507085024,76.63365862997506,104.19311854336149,104.19311854336149,6.759567461282709
101.9628115698255,80.65231506084203,73.86471582488983,72.60599137457005,76.11275100702953,51.187092658421825,68.92794176941634,73.2298933809513,104.19311854336149,104.19311854336149,6.698178078216472
102.32164322094538,76.60666629369814,65.6751581815269,65.5384138102384,76.22734277830413,53.0405647844616,73.45640210297131,78.35585063703705,104.19311854336149,104.19311854336149,9.015345918859719
107.16402344745292,87.78771963940173,70.02498979359233,76.44559117422477,74.40558817122414,50.514028709458806,70.55838164463205,70.12756271848993,104.19311854336149,104.19311854336149,9.76887505930799
106.37003384264933,82.46833692775203,74.86941428023884,72.6629092682322,75.2419371322695,50.53480137370385,67.67198788987986,70.93609257694507,104.19311854336149,104.19311854336149,10.079419324343018
107.87986521123062,68.31229401444205,77.47528252047755,65.88329462985617,68.54296794100647,48.01842321801115,60.93124070730991,67.9538513968855,104.19311854336149,104.19311854336149,9.515060759142779
110.99662658387878,76.83414194432353,79.04031860776784,67.47743869330041,66.73282518085267,48.61835499437704,61.92825271605247,71.53021728468295,104.19311854336149,104.19311854336149,8.92607734867399
110.2641991560888,79.12753474837626,78.74619599520642,69.96313430708685,68.70228970335152,50.45067961781028,63.263205853264395,70.37439300309386,104.19311854336149,104.19311854336149,10.013417487171017
110.82739782643125,79.72729212944338,74.81430613913668,68.33886111129846,69.54055528030524,46.44515502553253,65.90251193267189,72.58866685922273,104.19311854336149,104.19311854336149,10.835723741440129
115.5861024684675,78.87989275989415,78.53596121987383,72.42528675461661,68.46014377600837,43.049024604876756,66.4937071798314,67.81680514251241,104.19311854336149,104.19311854336149,9.553150873704142
117.20930235851607,82.32741954416679,84.42765061823702,74.87258869442037,66.20293560867378,41.608648042125466,63.89152426126844,65.44839967036175,104.19311854336149,104.19311854336149,9.175720756463221
115.70406343640906,84.46947715259302,89.62665566960332,78.32751083327881,70.76836805989771,45.473442579748586,63.407856707906,65.06764210078505,104.19311854336149,104.19311854336149,9.013876552730405
113.30234358918531,82.10837997837339,88.58690961103423,80.65534754156002,74.42210284173083,45.10527613152527,66.42257989347763,61.63701076073903,104.19311854336149,104.19311854336149,10.585166334885706
111.5284913941861,79.93121126347397,87.2287089828723,80.02855448099474,75.06096828385631,45.84031454193773,66.930448652466,61.44582402740569,104.19311854336149,104.19311854336149,10.223902628925899
108.53270498729594,83.03688819908231,78.59119911985304,76.02088729400947,76.6375296334591,49.66644408222729,71.41804011383422,69.14948710289332,104.19311854336149,104.19311854336149,13.716989342116907
105.80922674928428,84.63371975632839,76.27760437016772,73.20433871882175,78.29590870233095,50.39738669298602,71.39556413994178,71.10918970010759,104.19311854336149,104.19311854336149,11.969385239780326
103.9989920181673,81.89609824601376,78.50729734328918,73.52717148467184,82.38893117508795,56.48993842145006,72.16736015926718,73.27385953341086,104.19311854336149,104.19311854336149,13.738828393151064
100.16090555309212,78.67617752414678,81.81829809574567,73.83333219424146,83.57851982755871,60.84081256302642,68.93158952848366,74.3569920903965,104.19311854336149,104.19311854336149,15.4354326160023
99.5817636310484,82.60264153345929,86.28380163934462,75.37991088886541,87.4427084003282,66.05261600536733,68.94786753699671,77.47026168907475,104.19311854336149,104.19311854336149,16.785070630927777
100.51976350638124,82.40899904285159,88.35204395388925,75.92873994103573,92.45450796503694,68.59313311255436,72.5375418973934,77.49723490258704,104.19311854336149,104.19311854336149,17.069254939149843
97.03247807368471,80.6568334452959,82.42756458160716,74.03568594738574,91.39113604777774,69.51322142919702,73.63462834760307,82.63607648299039,104.19311854336149,104.19311854336149,15.766050718372504
92.76859978393364,77.8315646830876,75.74813567491879,76.14252094622026,61.6650895038414,61.6650895038414,75.3656013134928,75.92020373444275,104.19311854336149,104.19311854336149,15.505776654517987
93.44819018660708,77.62931657128202,75.296865477044,77.46949457916428,63.116511874945886,63.116511874945886,77.39927807104765,75.03558902453776,104.19311854336149,104.19311854336149,15.965982186641462
97.90575574395743,81.50260406658553,80.64126016772941,78.65389491368641,64.56423968118898,64.56423968118898,73.75536157744978,77.8461005167168,104.19311854336149,104.19311854336149,14.005799054996418
93.16431121132358,80.82327447809938,80.50240929774328,78.49740826793479,66.73434558061638,66.73434558061638,73.99230365478614,79.62992481113963,104.19311854336149,104.19311854336149,13.727683813049163
86.67263889847737,79.09802175506398,76.05749585708902,80.88082409643836,71.62176697392209,71.62176697392209,74.14964656611656,82.41770890562984,104.19311854336149,104.19311854336149,16.71001881613347
77.0543464202318,78.70192649979997,64.51523864349562,72.29894103484202,74.02298837254676,74.02298837254676,77.45477684971144,90.105963350703,104.19311854336149,104.19311854336149,16.715689304786583
78.58452711002779,80.13678966711052,63.0116460241802,71.9003160748088,76.52469996719496,76.52469996719496,80.63638239358882,92.93700964014039,104.19311854336149,104.19311854336149,16.477771348192356
76.05889349202893,78.81166320014152,61.44547175123431,72.45432465609206,79.83682530703946,79.83682530703946,82.56993570023936,94.17654460868334,104.19311854336149,104.19311854336149,16.072331165700067
83.87857268311683,77.44588049000443,66.08637159110756,71.64586771742354,83.14966100290054,83.14966100290054,82.53076573757225,95.16225215400331,104.19311854336149,104.19311854336149,16.033767454491674
86.12095225805791,76.31324008676705,67.20929529076633,71.27094004588604,84.95347001012217,84.95347001012217,83.30342002161683,95.12684434772288,104.19311854336149,104.19311854336149,15.957994840004003
87.68665799498653,76.56435301045944,68.25130264738046,71.27460825078376,85.27819725046677,85.27819725046677,82.97803673638488,94.9834298822447,104.19311854336149,104.19311854336149,15.526739882913365
85.27399878956615,78.13564435059658,67.78168136870511,72.2018600367126,88.74754679365947,88.74754679365947,82.31936179152402,95.37455905256051,104.19311854336149,104.19311854336149,15.632830730988331
91.96737507576422,82.13299443141315,71.26023892128104,71.78875108490617,84.51489628409045,84.51489628409045,82.50000312268475,93.38226389279937,104.19311854336149,104.19311854336149,12.805903373365755
84.9017323761914,74.13139936565533,64.66837536703254,70.81184531240586,81.46310338091223,81.46310338091223,84.03186617537573,92.60782748353182,104.19311854336149,104.19311854336149,13.422529824145458
83.82239580195412,73.93040404589401,63.153344700569555,70.90382899250233,80.27215598803951,80.27215598803951,84.90429210576328,91.9836093547792,104.19311854336149,104.19311854336149,14.207654751600575
85.01358246902976,74.8328444205148,63.868466330201876,70.88722401800823,79.83127659038034,79.83127659038034,85.03523384753946,91.52928475410725,104.19311854336149,104.19311854336149,14.816108708633386
90.83558981069658,78.55913509653053,64.2220387981184,69.11971246039529,89.14263746803428,89.14263746803428,85.72493054326998,99.41105772360326,104.19311854336149,104.19311854336149,13.15799721136568
95.12678954276997,85.81506840136582,66.65692504118185,71.42320931394241,84.83180753710442,84.83180753710442,83.04094955153471,95.35231932473971,104.19311854336149,104.19311854336149,13.71392958681991
99.2402011314102,85.73826806618011,69.05034280753196,72.59078476944622,85.84090358019581,85.84090358019581,83.64735034972611,96.44139051235625,104.19311854336149,104.19311854336149,13.739529661410518
99.8173770243579,85.45262975136114,69.70167207925226,73.05227077356051,86.31815277147308,86.31815277147308,83.87511753844687,96.14984055879593,104.19311854336149,104.19311854336149,13.88176232689607
100.96988364370031,85.87073974660908,70.62828485613198,73.68649925714283,86.62609400737158,86.62609400737158,83.91722777942994,96.35559692811692,104.19311854336149,104.19311854336149,13.957468704536144
99.44000130497754,84.71239191802384,68.88962195061526,72.77751673401804,86.62609400737158,86.62609400737158,87.46855810478573,94.13738976923379,104.19311854336149,104.19311854336149,12.942184298381067
100.47112129609131,82.38543218874486,68.84380542387053,73.74322002196617,86.62609400737158,86.62609400737158,90.18255583028026,86.58294061214757,104.19311854336149,104.19311854336149,12.45247459972579
101.68921914826107,82.3362721998517,69.27553162602108,74.67227846612602,86.62609400737158,86.62609400737158,93.00262760121454,79.94454177760814,104.19311854336149,104.19311854336149,12.302257143231065
91.8931306432336,56.82330219973279,52.264834878468605,50.650300012227106,86.62609400737158,86.62609400737158,98.47957459419337,90.46575909481142,104.19311854336149,104.19311854336149,13.245218472630691
94.9742396302074,70.06523335328372,54.6581346008003,58.243845523784614,86.62609400737158,86.62609400737158,96.51526607661214,91.12537731189862,104.19311854336149,104.19311854336149,12.397026262396718
94.74130194101586,67.48184638662691,54.215114321787645,51.97069709707135,86.62609400737158,86.62609400737158,98.37283285756044,93.91966700268765,104.19311854336149,104.19311854336149,12.11923575933992
95.3029318326344,67.05478008465889,55.139251546532506,52.423328686145126,86.62609400737158,86.62609400737158,99.40424185820773,93.56016488377078,104.19311854336149,104.19311854336149,12.031055985157195
100.7881289648047,67.90579261482297,54.00209709914449,52.68606198548519,86.62609400737158,86.62609400737158,99.29741941574781,91.035869601802,104.19311854336149,104.19311854336149,11.376941463136273
91.03728108385319,59.3832572666028,46.51632015595101,43.99960548650884,86.62609400737158,86.62609400737158,92.82700064724665,92.13101909652575,104.19311854336149,104.19311854336149,11.750181926695888
89.94181507968577,58.27009149288938,46.182346854792,34.1324445039672,86.62609400737158,86.62609400737158,90.8775747528171,94.22049007337776,104.19311854336149,104.19311854336149,12.081045237795147
92.75370503880784,59.22956316659966,46.944218102372766,33.1755821643768,86.62609400737158,86.62609400737158,89.59202245744838,93.37040707823803,104.19311854336149,104.19311854336149,12.339422220573164
90.25169181046311,64.65577918998808,47.97632301941673,39.8160553118011,86.62609400737158,86.62609400737158,91.12395543164082,92.3791041494762,104.19311854336149,104.19311854336149,12.291313933915095
92.40041918782578,65.3125872409096,49.13418517362098,46.30336969778464,86.62609400737158,86.62609400737158,91.87814286907796,91.3081028781645,104.19311854336149,104.19311854336149,12.206760176245414
94.74969955249583,66.26301400131827,47.89899686939854,46.42229156145,86.62609400737158,86.62609400737158,90.13566969359057,92.33484829760737,104.19311854336149,104.19311854336149,12.930480178446192
96.41488423780851,66.78483257241933,47.88318658581062,46.48965309979611,86.62609400737158,86.62609400737158,88.883854219339,91.58818656040503,104.19311854336149,104.19311854336149,13.45257362110884
100.36681051341736,58.732319421779735,46.999718750209055,43.547881139131384,86.62609400737158,86.62609400737158,88.1469368575376,91.42674202602572,104.19311854336149,104.19311854336149,13.677739605449831
74.50150531292715,61.05820607363531,48.19967185758669,26.621940596775524,86.62609400737158,86.62609400737158,72.21575535409792,90.54447480567849,104.19311854336149,104.19311854336149,10.499645970313695
87.59597159354686,63.00007789767745,44.19598093242703,20.373857863025922,86.62609400737158,86.62609400737158,83.95501783571724,92.46450482746609,104.19311854336149,104.19311854336149,9.93981326811512
80.65440795060694,70.37307115710723,38.59510245370453,11.835578698105143,86.62609400737158,86.62609400737158,92.9099136407088,92.36457065611785,104.19311854336149,104.19311854336149,10.082125752612438
81.8036960816268,71.41474763628375,37.7921090764942,9.331404604475189,78.36050422136432,78.36050422136432,89.00210871070047,90.92805074818119,104.19311854336149,104.19311854336149,9.567763274247664
87.44304949396629,70.22632070043501,41.098162263257315,17.705938425310638,78.75160724435578,78.75160724435578,84.70379015566567,90.7009859663431,104.19311854336149,104.19311854336149,9.245943802431956
92.83144957476972,67.20353820397533,43.766712694382136,21.29511979322078,79.28068592330965,79.28068592330965,86.1653624692372,91.08566093036073,104.19311854336149,104.19311854336149,9.446792849385556
93.41521490798618,71.33747257664425,46.78678285696218,24.962142539884688,76.80566853430356,76.80566853430356,75.0392056131321,92.41972097091477,104.19311854336149,104.19311854336149,9.22598323170216
102.65308528848954,73.67286474581506,52.198545231402505,27.770044600369282,77.00517314349774,77.00517314349774,78.76237126516519,92.91000254700666,104.19311854336149,104.19311854336149,9.249596985922409
103.22882176479068,73.66850956256528,44.728944994306865,31.186360349578266,75.63223012038111,75.63223012038111,83.89080453377237,95.64940610690809,104.19311854336149,104.19311854336149,9.520800542296545
104.51063544665128,75.41657090833606,43.153094110007174,34.91422376913315,75.63223012038111,75.63223012038111,86.14918849578527,107.30161056656472,104.19311854336149,104.19311854336149,8.502012338436074
103.23369708710148,70.93212811066576,45.04529747128412,43.76307636031803,75.63223012038111,75.63223012038111,84.13195715948191,104.35623114962362,104.19311854336149,104.19311854336149,8.135484497555694
105.17202788746016,95.80633952163943,49.660416654038976,62.41742472881164,75.63223012038111,75.63223012038111,84.62211079200847,97.26959399609018,104.19311854336149,104.19311854336149,8.026737382979649
98.98388630347473,81.81627917906938,46.917989062059064,48.35541559342511,75.63223012038111,75.63223012038111,78.72753923934015,91.10052465039168,104.19311854336149,104.19311854336149,7.620998422065467
101.58596549588071,76.79702024650429,49.505978998062396,45.30002730996792,75.63223012038111,75.63223012038111,76.17217413482793,88.76541466515582,104.19311854336149,104.19311854336149,7.055711404750115
101.7199598238315,80.39030231446112,47.631790253672946,43.801298615700105,75.63223012038111,75.63223012038111,77.59867990294795,87.06131299972013,104.19311854336149,104.19311854336149,6.441621345327639
103.92492206016358,76.94548104916093,46.306929119789466,43.11508055462137,75.63223012038111,75.63223012038111,79.01624049689349,84.44017894792593,104.19311854336149,104.19311854336149,5.419381826679705
110.70164310995395,71.99329548172605,51.752974734662956,42.269134383751314,75.63223012038111,75.63223012038111,78.12803254718669,85.846310606737,104.19311854336149,104.19311854336149,5.072323688204153
108.22766016474463,73.35957908973411,49.24813783411625,39.74562704264117,75.63223012038111,75.63223012038111,79.70160149358841,85.9518463131258,104.19311854336149,104.19311854336149,4.811859034035559
108.53151433379078,81.22012425953422,48.91581402395476,43.47864507650696,75.63223012038111,75.63223012038111,79.23191318185047,87.32882976468429,104.19311854336149,104.19311854336149,5.115099446518094
107.21823084247829,81.75540635274803,47.11300206917287,36.29433960091965,75.63223012038111,75.63223012038111,81.48783330476469,91.5839503723056,104.19311854336149,104.19311854336149,5.16737083644039
111.55389975733807,85.71346406583646,50.24657948915575,40.73916093945717,75.63223012038111,75.63223012038111,80.38821832084312,92.38603225575282,104.19311854336149,104.19311854336149,5.744144655787323
112.26136621283075,90.62293570714836,50.31526704948644,48.16780202697082,75.63223012038111,75.63223012038111,80.3589249990819,83.77294017356569,104.19311854336149,104.19311854336149,6.062252867155544
111.95113998048919,90.79513034381884,48.62751429124877,46.78063570767097,75.63223012038111,75.63223012038111,80.63960853917638,86.59482797379357,104.19311854336149,104.19311854336149,5.7712198648432365
109.19610397671083,98.70867908756915,50.21225837023891,57.03159872533068,75.63223012038111,75.63223012038111,76.45193401459348,86.43106787091449,104.19311854336149,104.19311854336149,5.744266071604012
109.46496813653425,102.99389880173727,49.38721737623087,55.18173544366716,75.63223012038111,75.63223012038111,77.40304988421396,79.17785788351826,104.19311854336149,104.19311854336149,5.59076561590083
110.24887374632613,102.13811588281162,50.13326793743564,55.79032563297219,75.63223012038111,75.63223012038111,77.66130954758785,75.50555627653821,104.19311854336149,104.19311854336149,5.364052241155635
108.84322946137357,143.21678625798899,45.71376993998925,42.63541837433253,53.64254919519777,53.64254919519777,81.84895504775159,79.62603280625805,104.19311854336149,104.19311854336149,4.8819268385632695
112.58489853994915,140.78199500066887,46.222933502816005,39.541533339681656,46.9268470795405,46.9268470795405,82.98170871463763,74.36186021189455,104.19311854336149,104.19311854336149,5.025755058464982
122.96996922862716,118.45307564279484,40.35896630670081,40.103436143667516,93.45840424180936,36.42618089696893,93.38439314668416,60.343835117858646,104.19311854336149,104.19311854336149,5.223703336551987
123.10022517495479,121.4882982009412,38.55634122851365,37.21753453562962,97.00400408254127,33.982683844284324,94.15638561138728,59.87807845228378,104.19311854336149,104.19311854336149,5.094351492993893
126.79397912305073,120.20554215393595,38.200974703387494,43.28459512008822,36.07578071171232,36.07578071171232,96.32704241426404,62.461531540001296,104.19311854336149,104.19311854336149,5.108340498732366
124.38310065208978,119.23622058817665,38.01739866539554,44.48408565778988,39.838251158730216,39.838251158730216,95.30586858543764,70.99188283486534,104.19311854336149,104.19311854336149,4.949947851658113
134.06382847977028,126.92236192688537,40.65211431064441,47.109840372787936,46.41606478620357,46.41606478620357,96.83320176406255,74.38746183292322,104.19311854336149,104.19311854336149,5.064710740954325
135.02801993976166,128.4298424283647,42.97824170168257,48.17682938655463,46.20807550823231,46.20807550823231,93.46071591525552,74.48878130322547,104.19311854336149,104.19311854336149,5.249238656636523
124.87168490431235,116.66589655319635,43.07449639469069,44.47646012426161,66.2234713573222,66.2234713573222,86.54673687881764,96.45519003721888,104.19311854336149,104.19311854336149,5.349800545017969
123.90960030629927,117.62023400305165,44.36453123530082,44.53866579398017,64.75774179936559,64.75774179936559,86.2040996517763,95.96090058742926,104.19311854336149,104.19311854336149,5.329766557593919
127.09175360077494,118.92026415180585,49.03577481684173,49.76418145548831,66.9373292326642,66.9373292326642,84.9053110793054,87.66754051470923,104.19311854336149,104.19311854336149,6.283043274699245
128.2669696050271,120.78496350094197,50.628918838862035,51.71121225934297,66.8602006738377,66.8602006738377,84.66800222764408,85.04429629992192,104.19311854336149,104.19311854336149,6.871659929845537
122.9576273665805,118.42690774878852,47.091457663410004,49.57169425615973,66.98095472877178,66.98095472877178,86.44525427304148,88.45050753202618,104.19311854336149,104.19311854336149,7.491390618919229
122.2758135025405,121.65147279742148,47.59326924468953,47.997885088241254,68.13746897912374,68.13746897912374,87.04846874853311,90.61764923822,104.19311854336149,104.19311854336149,7.743049890546372
115.91811281235039,129.22894550011173,42.88292248444687,47.565143553347035,70.02058727208065,70.02058727208065,89.0001362975969,92.96942755759203,104.19311854336149,104.19311854336149,7.821566291937827
108.83005460396156,134.26773759380438,43.99078991823652,48.77362005315982,72.19817292462542,72.19817292462542,82.70085652295896,90.64300833471009,104.19311854336149,104.19311854336149,8.318545145369168
105.97013828548938,129.37163019091128,42.92728725467336,49.88280496140272,79.14034180023108,79.14034180023108,86.61513873932861,93.63173732799581,104.19311854336149,104.19311854336149,8.482571181463696
107.3262208790414,127.72848493355133,43.52181390202837,50.59081822519193,79.01782204590371,79.01782204590371,87.85790021237608,94.01207989350432,104.19311854336149,104.19311854336149,8.352754536206099
112.64294119380067,128.3304491409732,45.55627317080725,53.78961317906062,76.46977370146482,76.46977370146482,88.64654500737491,94.32436104596619,104.19311854336149,104.19311854336149,7.790360710360877
114.47444412131703,127.9408230332601,45.85389457055099,54.07463776633967,74.90053574054748,74.90053574054748,88.90782702433607,94.00811317126917,104.19311854336149,104.19311854336149,7.540007962389656
121.95881334817992,127.973659822027,49.47361821130876,55.28192188720718,74.90053574054748,74.90053574054748,91.14844580343858,87.87274459923577,104.19311854336149,104.19311854336149,7.423602201556815
122.68084114054507,126.89023342122282,49.729769484371914,55.60513265164056,74.90053574054748,74.90053574054748,92.15694963961731,85.5127714118243,104.19311854336149,104.19311854336149,7.308733092273074
125.53716906608832,126.11140102628002,46.91108994083819,59.113285905540124,74.90053574054748,74.90053574054748,88.07327573407387,82.81862432004101,104.19311854336149,104.19311854336149,7.09713047802408
127.88576269805279,126.83908857123414,46.63985781251758,59.79368810966361,74.90053574054748,74.90053574054748,87.46782994587022,82.54637951361798,104.19311854336149,104.19311854336149,7.0704117623659375
128.44523305085983,129.6048114970294,46.87860462957833,60.707598689278456,74.90053574054748,74.90053574054748,90.68942566594566,83.64942610333988,104.19311854336149,104.19311854336149,7.74568494422417
126.49192251166238,130.52882361738446,46.71619355263784,61.369264190537045,74.90053574054748,74.90053574054748,92.52179337683124,84.37960983415135,104.19311854336149,104.19311854336149,7.848601684457924
129.42248311257973,132.2942897008331,47.07929873530218,62.56888973224222,74.90053574054748,74.90053574054748,89.5424438508293,84.26204863157967,104.19311854336149,104.19311854336149,8.156509023208226
131.41417719659293,132.39042237504566,47.39020047632333,63.139953090550385,74.90053574054748,74.90053574054748,89.41602442766165,85.29455549202213,104.19311854336149,104.19311854336149,8.26621170756923
132.62651800728963,132.6762768405677,49.70542641471776,62.45562541981034,74.90053574054748,74.90053574054748,88.09006906341483,85.65049604242708,104.19311854336149,104.19311854336149,8.784204670418108
131.49443336087597,133.14239330368898,49.81534591408481,61.541072343493944,74.90053574054748,74.90053574054748,89.37782645399616,85.72949847298986,104.19311854336149,104.19311854336149,8.967391312472165
131.00921225274223,133.37938973652487,54.35264034456905,68.36063382826364,74.90053574054748,74.90053574054748,89.03832665718669,82.31335684348899,104.19311854336149,104.19311854336149,9.288744946303115
129.5094613472992,133.56092009352804,53.58831536495548,67.89072374647256,74.90053574054748,74.90053574054748,89.12478296131201,82.37616940144315,104.19311854336149,104.19311854336149,9.349537823315533
128.84582023657512,134.98569211628782,49.706183761252674,65.77678113464927,74.90053574054748,74.90053574054748,92.38090258258686,84.53394051591349,104.19311854336149,104.19311854336149,8.958936448769128
128.53164344259298,135.15536706855337,50.590248852815414,66.48012855559223,74.90053574054748,74.90053574054748,87.77775356816498,81.6284887506338,104.19311854336149,104.19311854336149,8.907720789950814
129.5474276713987,137.37254920004332,51.542118971787254,67.31658493007488,74.90053574054748,74.90053574054748,98.47178497351963,81.76310776765943,104.19311854336149,104.19311854336149,9.312227572059738
129.19465003493295,137.79074752628404,51.6179970430815,67.02556689731665,74.90053574054748,74.90053574054748,97.03602211183447,83.79261016620585,104.19311854336149,104.19311854336149,9.696274555248312
126.03356116608413,138.8496989117665,47.55852849500312,67.24238556543628,74.90053574054748,74.90053574054748,97.08522491142122,84.079878995796,104.19311854336149,104.19311854336149,9.456867968291272
126.40545237644156,139.81605329685922,47.395012892559706,68.8675092006286,74.90053574054748,74.90053574054748,97.52694509091862,84.66319543181095,104.19311854336149,104.19311854336149,9.252822431255435
140.0480079366263,140.0480079366263,49.91530690950212,68.9140835401265,74.90053574054748,74.90053574054748,107.82439011125295,84.88782940300257,104.19311854336149,104.19311854336149,9.225288051568011
141.29046798537544,141.29046798537544,52.6987637386615,70.46444523209875,74.90053574054748,74.90053574054748,111.44046164083505,84.14402802013998,104.19311854336149,104.19311854336149,9.20066637417457
141.7233581377332,141.7233581377332,54.071737946908506,71.48106601314727,74.90053574054748,74.90053574054748,111.72021984317351,82.36683286398967,104.19311854336149,104.19311854336149,9.301717356961023
142.18129634833332,142.18129634833332,55.44308766329214,72.63631319095339,74.90053574054748,74.90053574054748,112.02426161157426,81.58070400289944,104.19311854336149,104.19311854336149,9.449354400475547
144.08294921807246,144.08294921807246,52.829121001277244,71.17988661398259,74.90053574054748,74.90053574054748,115.51847620570537,85.00247655806838,104.19311854336149,104.19311854336149,8.63602000284552
144.67309991631632,144.67309991631632,56.46944537227916,72.29202234836747,74.90053574054748,74.90053574054748,116.9665821027663,84.33234206751378,104.19311854336149,104.19311854336149,8.2966670142064
145.55512114729686,145.55512114729686,55.12564328580018,73.41459064159928,74.90053574054748,74.90053574054748,117.51866727157073,82.99778325151175,104.19311854336149,104.19311854336149,7.955442624644696
145.18992298930664,145.18992298930664,57.9015190824583,76.09874498230404,74.90053574054748,74.90053574054748,109.98452626878094,68.69932094080882,104.19311854336149,104.19311854336149,8.1250650070991
145.2817427397904,145.2817427397904,56.58877864130157,74.88439524766443,74.90053574054748,74.90053574054748,105.00897296883001,64.89303805562655,104.19311854336149,104.19311854336149,8.043424089022698
146.16235003970834,146.16235003970834,55.67793462824009,74.21917339195515,74.90053574054748,74.90053574054748,103.01786998573598,65.92910723362344,104.19311854336149,104.19311854336149,8.051881053452789
143.33265636663765,143.33265636663765,55.1227713218324,73.90741621738813,74.90053574054748,74.90053574054748,98.29855090776189,68.80684739645307,104.19311854336149,104.19311854336149,7.984808447921253
143.8858110110146,143.8858110110146,53.643372623169405,72.84363364266088,74.90053574054748,74.90053574054748,91.4696440053436,70.26575184920601,104.19311854336149,104.19311854336149,7.950518915104607
146.3013673983074,146.3013673983074,54.09551630500804,71.09367979320116,74.90053574054748,74.90053574054748,94.50858526301934,67.00896778799255,104.19311854336149,104.19311854336149,7.747377768754621
148.38457170317764,148.38457170317764,54.07694922914613,73.45910711999602,74.90053574054748,74.90053574054748,94.12595334261464,55.24311891002322,104.19311854336149,104.19311854336149,7.863769760386684
138.53390511872277,147.43920160833846,50.461142912555985,74.3336790699981,74.90053574054748,74.90053574054748,95.48784566855548,54.5091446072335,104.19311854336149,104.19311854336149,7.819011745148541
149.41375971708146,149.41375971708146,51.1221701606597,69.3107004274568,74.90053574054748,74.90053574054748,96.48864612357698,61.05319549617039,104.19311854336149,104.19311854336149,7.716539388429939
140.50358356121734,149.9521916928198,50.01926556118778,69.59413776583685,74.90053574054748,74.90053574054748,95.66964146340449,59.615414511822266,104.19311854336149,104.19311854336149,7.346822947753275
140.05396704874195,150.9281078124111,50.42183084120688,69.91022274771431,74.90053574054748,74.90053574054748,97.04574202218633,65.1492139764693,104.19311854336149,104.19311854336149,7.223643385207172
138.86099523382143,152.3771995019337,48.772740308164984,70.31330056625995,74.90053574054748,74.90053574054748,100.75177178927481,59.8458529405653,104.19311854336149,104.19311854336149,7.1340827405752885
138.9727456674949,152.4120504686746,49.08058722929431,70.68669401080042,74.90053574054748,74.90053574054748,101.13273053471664,63.69222787154232,104.19311854336149,104.19311854336149,7.1295976061612825
140.22742453342607,151.87382873325424,49.28685466789878,70.58304654031043,74.90053574054748,74.90053574054748,99.41227239890775,61.767589601903445,104.19311854336149,104.19311854336149,7.075311097997465
140.76833301505334,151.14376776746684,49.00430513105679,70.66072239094187,74.90053574054748,74.90053574054748,97.8469002451272,58.40419496555878,104.19311854336149,104.19311854336149,7.015674144929577
141.15803738636134,151.1783683991624,49.18582581414639,70.78703010172855,74.90053574054748,74.90053574054748,95.66583338858827,55.202255674122405,104.19311854336149,104.19311854336149,7.065921816132758
142.54726674126238,150.7000169708275,51.42052359002218,72.90122107860898,51.32399984570916,51.32399984570916,94.90181426536485,54.27187026796106,104.19311854336149,104.19311854336149,7.06171816137923
143.22814326168924,149.02564931036093,53.722651286405124,73.65660237469496,51.97886727913918,51.97886727913918,84.06612241280065,52.12143175468908,104.19311854336149,104.19311854336149,7.07405840930152
143.2063736236226,148.77618178144647,53.731672555805034,74.07545331127464,50.9331462145519,50.9331462145519,84.46008059846173,49.64568050063301,104.19311854336149,104.19311854336149,7.126997169992666
148.10536107366195,150.02292462802214,52.967823935699286,72.84948847560472,55.13778480420938,55.13778480420938,86.72374947782113,44.440437177362625,104.19311854336149,104.19311854336149,7.1623871551296014
147.08234574446698,150.46530412231564,50.174685051736915,72.44841978978089,56.17323656768714,56.17323656768714,83.47584378132103,42.92631254214196,104.19311854336149,104.19311854336149,7.201818179908507
147.34370643565816,150.85100390408977,50.286069340809036,72.71309491318516,54.15487141616457,54.15487141616457,84.42499476683335,44.38533139765681,104.19311854336149,104.19311854336149,7.235002072517472
147.58906662070095,150.29391618095082,50.62610712815984,72.7812882546646,53.352540866482855,53.352540866482855,85.85326885305035,45.86469491352631,104.19311854336149,104.19311854336149,7.321097593814396
147.78304745466238,152.4287702761782,49.99955347749054,71.82922447004904,50.684414694426664,50.684414694426664,80.79242986106013,48.49431518248997,104.19311854336149,104.19311854336149,7.330516066276874
147.68184814861755,153.22240623498004,50.06345594717128,71.80358755611115,49.12466245733484,49.12466245733484,82.46438969910265,48.40234781879284,104.19311854336149,104.19311854336149,7.374875377205406
145.7364124121373,155.04724366506215,47.67406355530387,71.86782293764733,55.937672039245605,55.937672039245605,83.68224353379587,31.729533808099102,104.19311854336149,104.19311854336149,7.001745265177637
146.51377436608968,155.65960878245755,47.12431136893711,72.47349091825407,53.99689369699029,53.99689369699029,83.58383715917209,21.347384447035047,104.19311854336149,104.19311854336149,6.905813300166975
147.3832347731611,155.5180700987631,48.04594171652707,73.42815130073447,54.62260209673421,54.62260209673421,83.09370207434439,18.220072817757977,104.19311854336149,104.19311854336149,6.978114947164802
147.86685970275062,155.39557371335658,48.75927505012777,73.72244747082682,54.66468649738156,54.66468649738156,83.77879210251166,17.711769231143265,104.19311854336149,104.19311854336149,7.002537845424931
149.57516087092637,150.96066291749332,50.51128979575326,75.6117801857853,51.47624558180924,51.47624558180924,76.71317201282561,15.01045158794057,104.19311854336149,104.19311854336149,7.069025125995866
150.47178558708563,152.07018158655293,51.32769541425058,73.67679581017181,51.222485532309086,51.222485532309086,76.52580438443236,14.746795973627538,104.19311854336149,104.19311854336149,7.013208179713235
151.21396141335595,151.87328099913037,53.54637180555241,74.52501295521539,51.7946339641018,51.7946339641018,77.54500912795008,14.510402361742623,104.19311854336149,104.19311854336149,6.779908873629063
150.7967096860745,153.00212190665906,53.287100644206355,73.93502456760915,51.91436951589218,51.91436951589218,74.95708205059724,14.69609426592962,134.44014140446583,134.44014140446583,6.605799930648117
150.37864579770974,154.07058459609723,51.70175028913675,73.4470021970205,42.549020422064864,51.15689866236675,75.81538698925121,14.806191143575502,130.50324768742024,130.50324768742024,6.207598416256968
151.39858371825022,156.09171527859615,51.65875585494767,73.37184588069192,43.33251405930079,51.358430762532976,79.18774598456712,14.938736947080226,127.54891224919858,127.54891224919858,5.867288912161129
147.1535763471328,157.61291063023685,46.702448734727284,72.3507376366713,50.98616144758467,45.30839535953626,85.71694569114854,16.24791625560232,122.87581884111007,122.87581884111007,5.097248307951486
145.35163497151274,157.58278621537477,46.72686823917044,73.89277801849511,42.73888111281174,49.2991406260166,83.7676849877527,14.512918051373417,120.60172757728547,120.60172757728547,5.019076533673245
145.05151717806552,157.11550032666517,45.56274428393094,76.33142862235601,51.37177800568951,49.05907242486886,85.25080418466605,15.305467568704618,116.36981191372423,116.36981191372423,5.067245409682666
145.45208710662044,157.66471721039153,45.45316391677928,74.9167452885709,49.72465635941746,48.277283110332036,85.06598238266962,15.000554055248271,120.66275724579536,120.66275724579536,5.242306287718415
143.92782710703284,157.31809770082788,47.14368728532806,75.87379548791355,33.96316885020329,47.28445153715495,74.50428369522615,14.055981847842917,124.14294939572389,124.14294939572389,5.422482249301374
144.09499897229978,157.27346672764358,47.758522040572274,76.10233586502527,33.59692638617948,46.80373185180331,73.60038180952122,14.234032990823945,124.3154063937184,124.3154063937184,5.481145860326256
144.5663882317162,157.8197675984438,47.88313010416396,75.85426057923318,34.77601985797171,47.951523531443044,74.0564392500503,14.09896836459292,122.1369838603527,122.1369838603527,5.644306776807671
144.43961127376457,157.90723432466834,47.773829443874945,75.75363914953051,33.893079621727175,48.23627287867429,74.52858670172513,14.008899109341233,121.88257448896807,121.88257448896807,5.779070568701893
141.80036708321325,157.1359761716154,44.8215940832223,76.05873189076269,32.45119096794976,48.836883227061264,73.25832345616521,13.891650206159396,122.09252771980569,122.09252771980569,6.064433558267124
141.8800376576106,157.6626464808647,40.58269050614957,75.62795828942365,35.94847881775139,49.759260630773774,73.25651859318272,14.015884910338418,122.35767296313603,122.35767296313603,6.274194581110339
141.04411753116366,155.10996607595453,38.382272815186255,75.70333798069719,32.4427004754539,49.39854456798395,71.12207837902284,14.313074868561024,123.9272275744825,123.9272275744825,6.374190888573615
141.1069227352149,154.8994522509957,38.6271971894505,75.57853621165602,31.39039660960798,49.325642177225895,70.67365835367377,14.527927945854834,124.05333612619779,124.05333612619779,6.421096885822647
142.1919337286143,155.49245043297316,36.009217980384214,72.3168149550178,30.053831162400233,49.68310535733106,69.7440260946228,15.582537887449103,125.49520687101915,125.49520687101915,6.56278237062156
141.6652165908901,155.86226670072446,34.440472004739895,70.97554105712712,29.925025171928038,49.61548501818176,70.55242217932927,16.131870316427847,127.9267217136926,127.9267217136926,6.632029987066775
144.3796638053526,156.15820656918567,36.73447836248099,69.75016794861503,47.046147346021414,49.12273667739024,78.9591234092157,16.31753672036388,129.4226346449237,129.4226346449237,6.577345808112363
145.83216617596793,156.09780342306104,37.408503958034764,69.50716604827002,50.512359809192496,48.70357737554399,81.34338685327637,16.365727513700968,131.20945781575597,131.20945781575597,6.5360834556012515
145.95390408800753,156.61739961485966,38.95962538377154,70.12233609455704,37.17490451891946,45.56714300048329,75.65775242093353,16.300851436619375,135.72058017229222,135.72058017229222,6.373446932070423
144.657774002274,157.8155805263797,39.16488177925186,69.9590397217597,34.98019680349836,45.90211664811564,73.55658627753641,16.187732515499775,132.3088455714406,132.3088455714406,6.335527950505981
144.48071155448588,157.22285679420438,39.9144846483046,70.46400873617985,28.659343450599547,46.82690347695974,73.08536733493942,16.26996253074873,129.52757913371929,129.52757913371929,6.225879637177864
144.17949570215816,157.88930762445491,39.80622643676733,71.00407290393133,29.51944690832918,48.689792410044795,73.17363419081748,16.12483446484323,124.81877428173497,124.81877428173497,6.2199023323484575
139.54564893647657,155.49626042609424,36.64432965909494,71.5650511714716,49.75649339034777,57.06960413490064,83.22226260307407,18.266209908834647,119.3138487024189,119.3138487024189,6.3520977602077275
139.52665902444906,154.1489443122149,36.87947642042211,71.92274341092859,48.470505948881446,57.02882205168789,82.76706763362553,19.24765822725394,121.36085826630361,121.36085826630361,6.452962781939572
137.8910805487246,154.69031596812806,47.562431157164816,76.46814967236378,76.68884377949479,48.193618124067676,85.40121198253357,36.80382873035246,107.59317410648052,107.59317410648052,6.876160617016809
137.78969698635188,153.6066199493445,49.25584085856831,76.76178891891018,73.21909817622239,48.29980936882328,81.11256312030179,36.36653945178066,107.00498667336126,107.00498667336126,6.99486969454852
142.47308901368902,151.35275008163893,52.30558446540782,76.41051900310175,74.81175430387228,45.003700387867234,80.05521291808648,39.051192632612796,104.85249566336869,104.85249566336869,7.23613151119346
141.62658689144183,151.25976714451812,52.62054077716203,76.50022393510437,77.7571982797339,43.294208619877715,81.65698615245329,42.20993004633347,103.38956798962127,103.38956798962127,7.412489086381557
140.99066193890994,152.01660313059054,51.64125908158397,75.79639590980365,93.86070745785004,50.922814823043176,98.84072022723765,40.96065825643049,99.22560888030303,99.22560888030303,7.775561762576496
141.18602346904862,150.82477795119448,49.190967494575226,72.5403862246774,58.055777677520936,58.055777677520936,101.95023100977723,49.8070744449931,105.58546967139257,105.58546967139257,8.0014302791086
136.9800149882037,149.5571778686881,53.50391920423456,72.82670999327848,50.088807862672475,50.088807862672475,102.66501358841106,63.467856381259416,108.812182394293,108.812182394293,7.888121424592779
129.68141675891104,150.28674936525093,53.013556220893406,73.47398389825229,49.865216331656036,49.865216331656036,98.89710903491917,63.69989485955676,108.812182394293,108.812182394293,7.848298894070784
136.84571129759718,146.9896145523241,65.81869645301416,75.81320939213279,53.47456828128088,53.47456828128088,78.36734545691935,57.3034989883485,108.812182394293,108.812182394293,9.33884139122297
142.9475708261889,145.02788736316955,67.5066158178146,75.05709583189721,47.01372844273856,47.01372844273856,86.2582235715219,54.73687588076674,108.812182394293,108.812182394293,9.34191193335907
135.08568119211466,141.76656287865032,62.14132340009819,73.83685285917353,59.76372028736636,59.76372028736636,85.9560733971425,71.38233334346688,108.812182394293,108.812182394293,9.51753592484288
135.05667213462183,140.73786303089338,62.61285251951362,70.30925470524429,55.1549271580531,55.1549271580531,85.00323279183162,70.72166171140577,108.812182394293,108.812182394293,9.42121083122004
135.91687617784103,136.1121072474274,62.223802237520154,71.96314278867351,59.7984390729358,59.7984390729358,88.5382528533468,74.23336178554935,108.812182394293,108.812182394293,9.182007562062873
134.49361319882493,135.2982682802346,60.031240732061626,70.18135403686473,56.08975409764597,56.08975409764597,89.52568381996436,73.41960611710485,108.812182394293,108.812182394293,8.920259478439071
131.59893643834675,135.01614341931622,56.89681444781966,72.4211426319231,64.60647803869637,64.60647803869637,95.49666320782308,79.934301221335,108.812182394293,108.812182394293,8.765249210448737
130.20944674696622,137.28137690801412,54.977414913489575,78.68112226715193,64.37759198010734,64.37759198010734,97.52526635904786,80.33204321476346,108.812182394293,108.812182394293,7.601243822874154
121.31853693708769,131.11125438973227,46.302236920110865,61.884078662865264,65.40715178986639,65.40715178986639,98.96906280164156,89.59886741639454,108.812182394293,108.812182394293,7.612805219460271
119.2821519690807,131.3245382177942,43.94009388394625,59.925823131847146,66.0335647890874,66.0335647890874,97.9557404177601,91.33721966458883,108.812182394293,108.812182394293,8.003074960924744
117.67466131154175,135.19417171080863,51.509432511493394,66.74076786829325,63.00540031975123,63.00540031975123,86.44667002024404,80.13445310612575,108.812182394293,108.812182394293,8.789752117178976
116.25657696016607,129.11638265722738,46.687357599263365,61.437940890198355,55.215393742518565,55.215393742518565,90.04290688378175,72.14782430968577,108.812182394293,108.812182394293,8.506485553745579
131.39315349550932,111.74538039118579,76.87091164692436,88.66096533199695,44.6667014722399,44.6667014722399,67.72040366419239,49.88234493272866,108.812182394293,108.812182394293,10.666880481155145
139.64279531472704,121.67834904842216,73.29080343672649,90.17382770925202,43.17129958200482,43.17129958200482,76.4942405159769,44.29929167245421,108.812182394293,108.812182394293,11.61978186085102
134.05332825881675,117.25256185721275,60.342421145180865,68.9418139559205,50.647302296925666,50.647302296925666,67.80192082976365,44.480495844568196,108.812182394293,108.812182394293,11.495274522370977
131.99194834509095,114.9169016497912,59.438145956316625,68.59840716735481,51.74120737065584,51.74120737065584,66.77138934296174,42.094983549881576,108.812182394293,108.812182394293,11.627636004992741
126.3830740291126,110.20272588992088,53.76412212396304,60.10830335497017,52.82773127385345,52.82773127385345,70.60833269182542,40.02872033640222,108.812182394293,108.812182394293,10.970143543568048
127.0089564700594,108.98823794558056,55.3808946271264,59.22304643283899,51.666704191149165,51.666704191149165,69.71703043121762,39.01984317602622,108.812182394293,108.812182394293,10.399743714764098
115.16304309082561,95.58198512839333,52.20208236002857,66.5157206942781,53.368114458130336,53.368114458130336,86.69385798794889,86.21245640623708,108.812182394293,108.812182394293,6.003584610037278
119.08106265375815,105.43926036186717,53.694688932981975,75.86143368684617,64.2690682618682,50.60831829068702,88.39174612248674,84.16759653418707,108.812182394293,108.812182394293,3.7237713210815118
108.74490352291694,113.0075542354479,52.31878873537567,63.99940786098231,49.7783067549556,49.7783067549556,92.34624527314286,89.73551895100475,108.812182394293,108.812182394293,2.2786540901313073
106.88907248901592,112.54473496132697,52.08312231363505,61.42652330543242,47.291631823684554,47.291631823684554,96.03877521955792,90.89858285875387,108.812182394293,108.812182394293,1.6723796358162444
102.22289385281505,81.55769465900616,48.79633160123288,47.140316807585876,45.85072602046146,45.85072602046146,90.39926699929765,88.24494899485458,108.812182394293,108.812182394293,0.888420725563681
103.91008472321728,76.95281545137823,49.617894497258845,54.72682981386301,42.59557052541274,42.59557052541274,84.63778284057588,81.8378554816745,108.812182394293,108.812182394293,0.8584218957829614
114.86745463489211,71.60261035609864,66.53683520156203,59.138464454695715,42.402316752618724,42.402316752618724,77.4412265886505,72.79865473549596,108.812182394293,108.812182394293,0.6955915474125847
113.21070747535072,76.57206980498346,65.38808922649798,59.40262119431216,42.402316752618724,42.402316752618724,77.48214611265983,75.24742429501657,108.812182394293,108.812182394293,0.900852293746568
122.6219734987749,93.77296910700915,70.75698692821481,84.09516574059394,42.402316752618724,42.402316752618724,84.80557091920491,79.81674323265887,108.812182394293,108.812182394293,2.8208824227783826
126.12786270424229,91.08218359369504,84.61360043970498,96.99723880288174,42.402316752618724,42.402316752618724,99.60695869484489,76.26683684390841,108.812182394293,108.812182394293,2.6595830111746226
61.653143456194485,84.72441659540921,36.65672673084702,33.56482227587535,70.54190755886302,70.54190755886302,95.60806351746109,84.55984485412289,108.812182394293,108.812182394293,1.7388903509741356
61.26876598133186,88.93603880020429,37.55689059780935,23.21591733415437,72.92559238115183,72.92559238115183,96.48815679624956,85.35802686843385,108.812182394293,108.812182394293,2.236361380240395
103.97195989075902,82.2709382254792,41.4092406207737,30.7224914964629,73.278160967383,73.278160967383,100.31605941363956,87.22662973990005,108.812182394293,108.812182394293,3.5764282493364936
148.916629234708,75.6748908148711,37.287842221666835,35.041316685447256,73.87745543734513,73.87745543734513,102.71401896595624,86.40791562123835,108.812182394293,108.812182394293,3.548585993200612
102.43405477489974,50.79629568653372,58.36329831043357,49.60028204066816,64.57609322006431,64.57609322006431,88.77968294326315,82.59643687083748,108.812182394293,108.812182394293,4.283121453944962
100.36212456191717,57.98546611285218,52.893511550532715,44.74054271076517,64.57609322006431,64.57609322006431,97.1561861998327,84.64226301945666,108.812182394293,108.812182394293,3.76362154269595
78.77643054063024,54.57886714083903,40.9090004234728,36.37788006379243,64.57609322006431,64.57609322006431,102.32783959673345,91.28980989265514,108.812182394293,108.812182394293,3.9259803139456095
54.22698843937569,54.22698843937569,41.91834799349688,40.13132961984358,64.57609322006431,64.57609322006431,99.16684132026124,86.15615285971835,108.812182394293,108.812182394293,4.222036477150277
75.95685322808012,75.95685322808012,56.5830159939486,52.95291632177309,64.57609322006431,64.57609322006431,93.89774080629275,83.93274702663854,108.812182394293,108.812182394293,3.6967827610729995
102.82026808523618,102.82026808523618,53.18966687776528,75.58892274155782,64.57609322006431,64.57609322006431,93.91645705477983,83.95383937336697,108.812182394293,108.812182394293,3.3540667352677387
122.77224757679599,122.77224757679599,64.55430890115896,76.53019269326471,64.57609322006431,64.57609322006431,87.76074575963392,88.97863859575867,108.812182394293,108.812182394293,4.25207672037548
106.36960517675652,106.36960517675652,61.99235689497908,75.77993776856029,64.57609322006431,64.57609322006431,88.12924806695902,86.6688246153107,108.812182394293,108.812182394293,3.312195048843931
110.41183200138272,106.963994495057,81.55394619812455,76.07855163281961,64.57609322006431,64.57609322006431,75.56503759507369,79.3299180692555,108.812182394293,108.812182394293,2.241826038254551
105.14772346175718,105.02790362037098,68.27930526411109,69.51767014432116,64.57609322006431,64.57609322006431,86.050207749641,91.45025790212213,108.812182394293,108.812182394293,3.885916769798005
